-- phpMyAdmin SQL Dump
-- version 5.2.1
-- https://www.phpmyadmin.net/
--
-- Host: 127.0.0.1
-- Tempo de geração: 11/12/2025 às 21:29
-- Versão do servidor: 10.4.32-MariaDB
-- Versão do PHP: 8.2.12

SET SQL_MODE = "NO_AUTO_VALUE_ON_ZERO";
START TRANSACTION;
SET time_zone = "+00:00";


/*!40101 SET @OLD_CHARACTER_SET_CLIENT=@@CHARACTER_SET_CLIENT */;
/*!40101 SET @OLD_CHARACTER_SET_RESULTS=@@CHARACTER_SET_RESULTS */;
/*!40101 SET @OLD_COLLATION_CONNECTION=@@COLLATION_CONNECTION */;
/*!40101 SET NAMES utf8mb4 */;

--
-- Banco de dados: `eco_city`
--

-- --------------------------------------------------------

--
-- Estrutura para tabela `accounts`
--

CREATE TABLE `accounts` (
  `id` int(11) NOT NULL,
  `name` varchar(300) NOT NULL DEFAULT 'Player',
  `device_id` varchar(500) NOT NULL,
  `gems` int(11) NOT NULL DEFAULT 0,
  `is_online` int(1) NOT NULL DEFAULT 0,
  `client_id` int(11) NOT NULL DEFAULT 0,
  `trophies` int(11) NOT NULL DEFAULT 0,
  `banned` int(1) NOT NULL DEFAULT 0,
  `shield` datetime NOT NULL DEFAULT current_timestamp(),
  `xp` int(11) NOT NULL DEFAULT 0,
  `level` int(11) NOT NULL DEFAULT 1,
  `global_chat_blocked` int(1) NOT NULL DEFAULT 0,
  `last_chat` datetime NOT NULL DEFAULT current_timestamp(),
  `chat_color` varchar(50) NOT NULL DEFAULT '',
  `email` varchar(1000) NOT NULL DEFAULT '',
  `password` varchar(1000) NOT NULL DEFAULT '',
  `map_layout` int(3) NOT NULL DEFAULT 0,
  `shld_cldn_1` datetime NOT NULL DEFAULT current_timestamp(),
  `shld_cldn_2` datetime NOT NULL DEFAULT current_timestamp(),
  `shld_cldn_3` datetime NOT NULL DEFAULT current_timestamp(),
  `last_login` datetime NOT NULL DEFAULT current_timestamp()
) ENGINE=InnoDB DEFAULT CHARSET=utf8 COLLATE=utf8_bin;

--
-- Despejando dados para a tabela `accounts`
--

INSERT INTO `accounts` (`id`, `name`, `device_id`, `gems`, `is_online`, `client_id`, `trophies`, `banned`, `shield`, `xp`, `level`, `global_chat_blocked`, `last_chat`, `chat_color`, `email`, `password`, `map_layout`, `shld_cldn_1`, `shld_cldn_2`, `shld_cldn_3`, `last_login`) VALUES
(943, 'THVjY2EgTWVuZWdhdHRp', '', 250, 0, 0, 0, 0, '2025-12-06 00:35:22', 0, 1, 0, '2025-12-06 00:35:48', '', 'lucca.menegatti@alunos.fho.edu.br', '767aa0751478849ef2168cf597b64274', 0, '2025-12-06 00:35:22', '2025-12-06 00:35:22', '2025-12-06 00:35:22', '2025-12-06 00:45:42'),
(944, 'Sm/Do28gZG9zIFNhbnRvcw==', '', 250, 0, 0, 0, 0, '2025-12-06 01:15:21', 0, 1, 0, '2025-12-06 01:15:21', '', '', 'f3375d5e39dcd153b6bc90c6517f94c3', 0, '2025-12-06 01:15:21', '2025-12-06 01:15:21', '2025-12-06 01:15:21', '2025-12-06 22:54:38'),
(945, 'Q2ludGhpYQ==', '', 250, 0, 0, 0, 0, '2025-12-06 22:56:18', 0, 1, 0, '2025-12-06 22:56:18', '', 'cinthiasantos643@gmail.com', '4003e60844b24a9932751fada51d964b', 0, '2025-12-06 22:56:18', '2025-12-06 22:56:18', '2025-12-06 22:56:18', '2025-12-06 23:05:52'),
(946, 'WmFjayBab3Jv', '', 250, 0, 0, 0, 0, '2025-12-06 23:12:15', 0, 1, 0, '2025-12-06 23:12:15', '', '', '6c7b68e956834a477ddf8f767d2a7001', 0, '2025-12-06 23:12:15', '2025-12-06 23:12:15', '2025-12-06 23:12:15', '2025-12-06 23:12:15'),
(947, 'TWFyaWE=', '', 250, 0, 0, 0, 0, '2025-12-08 16:49:53', 0, 1, 0, '2025-12-08 16:49:53', '', '', 'f70dbd048ba5d92b77cb1b072cc777da', 0, '2025-12-08 16:49:53', '2025-12-08 16:49:53', '2025-12-08 16:49:53', '2025-12-08 17:01:55'),
(948, 'RWNvQ2l0eQ==', '', 250, 0, 0, 0, 0, '2025-12-08 17:03:15', 0, 1, 0, '2025-12-08 17:03:15', '', '', '7722d853f099fb7a52ac68c0d3a04f13', 0, '2025-12-08 17:03:15', '2025-12-08 17:03:15', '2025-12-08 17:03:15', '2025-12-08 17:03:15'),
(949, 'QWRtaW4=', '', 250, 0, 0, 0, 0, '2025-12-08 17:15:31', 0, 1, 0, '2025-12-08 17:15:31', '', '', '601c23d666bcb9d0310695470790f75a', 0, '2025-12-08 17:15:31', '2025-12-08 17:15:31', '2025-12-08 17:15:31', '2025-12-08 17:15:31'),
(950, 'Sm9zZQ==', '', 250, 0, 0, 0, 0, '2025-12-08 17:22:28', 0, 1, 0, '2025-12-08 17:22:28', '', '', 'd04ec0d93c322e4558dd5d43f733e48d', 0, '2025-12-08 17:22:28', '2025-12-08 17:22:28', '2025-12-08 17:22:28', '2025-12-08 17:22:28'),
(951, 'QW50b25pbw==', '', 250, 0, 0, 0, 0, '2025-12-08 17:32:28', 0, 1, 0, '2025-12-08 17:32:28', '', '', '54fb6a961edf2af2fbc9159138e95d23', 0, '2025-12-08 17:32:28', '2025-12-08 17:32:28', '2025-12-08 17:32:28', '2025-12-08 17:32:28'),
(952, 'bHVjY2ExMjM=', '253607d5996f8415b18407d4025b1edde7d554b8', 250, 0, 0, 0, 0, '2025-12-08 17:34:11', 0, 1, 0, '2025-12-08 17:34:11', '', '', '3487eaf035bdd3b0a66f4b2708582137', 0, '2025-12-08 17:34:11', '2025-12-08 17:34:11', '2025-12-08 17:34:11', '2025-12-08 17:34:11');

-- --------------------------------------------------------

--
-- Estrutura para tabela `buildings`
--

CREATE TABLE `buildings` (
  `id` int(11) NOT NULL,
  `global_id` varchar(50) NOT NULL DEFAULT '',
  `account_id` int(11) NOT NULL,
  `level` int(11) NOT NULL DEFAULT 0,
  `x_position` int(11) NOT NULL DEFAULT 0,
  `y_position` int(11) NOT NULL DEFAULT 0,
  `gold_storage` float NOT NULL DEFAULT 0,
  `elixir_storage` float NOT NULL DEFAULT 0,
  `dark_elixir_storage` float NOT NULL DEFAULT 0,
  `boost` datetime NOT NULL DEFAULT current_timestamp(),
  `construction_time` datetime NOT NULL DEFAULT current_timestamp(),
  `is_constructing` int(1) NOT NULL DEFAULT 0,
  `construction_build_time` int(11) NOT NULL DEFAULT 0,
  `track_time` datetime NOT NULL DEFAULT current_timestamp(),
  `x_war` int(11) NOT NULL DEFAULT -1,
  `y_war` int(11) NOT NULL DEFAULT -1
) ENGINE=InnoDB DEFAULT CHARSET=utf8 COLLATE=utf8_bin;

--
-- Despejando dados para a tabela `buildings`
--

INSERT INTO `buildings` (`id`, `global_id`, `account_id`, `level`, `x_position`, `y_position`, `gold_storage`, `elixir_storage`, `dark_elixir_storage`, `boost`, `construction_time`, `is_constructing`, `construction_build_time`, `track_time`, `x_war`, `y_war`) VALUES
(110422, 'townhall', 943, 1, 12, 8, 350, 900, 0, '2025-12-06 00:35:22', '2025-12-06 00:35:22', 0, 0, '2025-12-05 23:35:22', 10, 10),
(110423, 'goldstorage', 943, 1, 17, 8, 100, 0, 0, '2025-12-06 00:35:22', '2025-12-06 00:35:22', 0, 0, '2025-12-05 23:35:22', 16, 10),
(110424, 'elixirstorage', 943, 1, 8, 9, 0, 0, 0, '2025-12-06 00:35:22', '2025-12-06 00:35:22', 0, 0, '2025-12-05 23:35:22', 5, 10),
(110427, 'tree', 943, 1, 7, 13, 0, 0, 0, '2025-12-06 00:35:22', '2025-12-06 00:35:22', 0, 0, '2025-12-05 23:35:22', 7, 13),
(110428, 'tree', 943, 1, 6, 16, 0, 0, 0, '2025-12-06 00:35:22', '2025-12-06 00:35:22', 0, 0, '2025-12-05 23:35:22', 6, 16),
(110429, 'tree', 943, 1, 11, 14, 0, 0, 0, '2025-12-06 00:35:22', '2025-12-06 00:35:22', 0, 0, '2025-12-05 23:35:22', 11, 14),
(110430, 'tree', 943, 1, 18, 15, 0, 0, 0, '2025-12-06 00:35:22', '2025-12-06 00:35:22', 0, 0, '2025-12-05 23:35:22', 18, 15),
(110431, 'tree', 943, 1, 20, 11, 0, 0, 0, '2025-12-06 00:35:22', '2025-12-06 00:35:22', 0, 0, '2025-12-05 23:35:22', 20, 11),
(110437, 'tree', 943, 1, 5, 14, 0, 0, 0, '2025-12-06 00:35:22', '2025-12-06 00:35:22', 0, 0, '2025-12-05 23:35:22', 5, 14),
(110438, 'tree', 943, 1, 13, 15, 0, 0, 0, '2025-12-06 00:35:22', '2025-12-06 00:35:22', 0, 0, '2025-12-05 23:35:22', 13, 15),
(110440, 'tree', 943, 1, 1, 20, 0, 0, 0, '2025-12-06 00:35:22', '2025-12-06 00:35:22', 0, 0, '2025-12-05 23:35:22', 1, 20),
(110442, 'tree', 943, 1, 15, 17, 0, 0, 0, '2025-12-06 00:35:22', '2025-12-06 00:35:22', 0, 0, '2025-12-05 23:35:22', 15, 17),
(110443, 'tree', 943, 1, 9, 20, 0, 0, 0, '2025-12-06 00:35:22', '2025-12-06 00:35:22', 0, 0, '2025-12-05 23:35:22', 9, 20),
(110444, 'tree', 943, 1, 5, 20, 0, 0, 0, '2025-12-06 00:35:22', '2025-12-06 00:35:22', 0, 0, '2025-12-05 23:35:22', 5, 20),
(110445, 'tree', 943, 1, 12, 20, 0, 0, 0, '2025-12-06 00:35:22', '2025-12-06 00:35:22', 0, 0, '2025-12-05 23:35:22', 12, 20),
(110446, 'tree', 943, 1, 14, 13, 0, 0, 0, '2025-12-06 00:35:22', '2025-12-06 00:35:22', 0, 0, '2025-12-05 23:35:22', 14, 13),
(110448, 'tree', 943, 1, 19, 17, 0, 0, 0, '2025-12-06 00:35:22', '2025-12-06 00:35:22', 0, 0, '2025-12-05 23:35:22', 19, 17),
(110450, 'tree', 943, 1, 21, 17, 0, 0, 0, '2025-12-06 00:35:22', '2025-12-06 00:35:22', 0, 0, '2025-12-05 23:35:22', 21, 17),
(110451, 'tree', 943, 1, 9, 18, 0, 0, 0, '2025-12-06 00:35:22', '2025-12-06 00:35:22', 0, 0, '2025-12-05 23:35:22', 9, 18),
(110452, 'tree', 943, 1, 13, 18, 0, 0, 0, '2025-12-06 00:35:22', '2025-12-06 00:35:22', 0, 0, '2025-12-05 23:35:22', 13, 18),
(110453, 'laboratory', 943, 1, 11, 4, 0, 0, 0, '2025-12-06 00:36:14', '2025-12-06 00:36:34', 0, 20, '2025-12-05 23:36:34', -1, -1),
(110454, 'spellfactory', 943, 1, 4, 6, 0, 0, 0, '2025-12-06 00:36:18', '2025-12-06 00:36:38', 0, 20, '2025-12-05 23:36:38', -1, -1),
(110455, 'elixirstorage', 943, 1, 14, 4, 0, 0, 0, '2025-12-06 00:36:23', '2025-12-06 00:36:33', 0, 10, '2025-12-05 23:36:33', -1, -1),
(110456, 'elixirstorage', 943, 1, 8, 5, 0, 0, 0, '2025-12-06 00:36:27', '2025-12-06 00:36:37', 0, 10, '2025-12-05 23:36:37', -1, -1),
(110457, 'elixirstorage', 943, 1, 18, 4, 0, 0, 0, '2025-12-06 00:36:30', '2025-12-06 00:36:40', 0, 10, '2025-12-05 23:36:40', -1, -1),
(110458, 'tree', 943, 1, 19, 1, 0, 0, 0, '2025-12-06 00:36:54', '2025-12-06 00:37:04', 0, 10, '2025-12-05 23:37:04', -1, -1),
(110459, 'tree', 943, 1, 15, 1, 0, 0, 0, '2025-12-06 00:36:58', '2025-12-06 00:37:08', 0, 10, '2025-12-05 23:37:08', -1, -1),
(110460, 'tree', 943, 1, 11, 1, 0, 0, 0, '2025-12-06 00:37:02', '2025-12-06 00:37:12', 0, 10, '2025-12-05 23:37:12', -1, -1),
(110461, 'townhall', 944, 1, 10, 10, 1000, 0, 0, '2025-12-06 01:15:21', '2025-12-06 01:15:21', 0, 0, '2025-12-06 00:15:21', 10, 10),
(110462, 'goldstorage', 944, 1, 16, 10, 0, 0, 0, '2025-12-06 01:15:21', '2025-12-06 01:15:21', 0, 0, '2025-12-06 00:15:21', 16, 10),
(110463, 'elixirstorage', 944, 1, 5, 10, 0, 0, 0, '2025-12-06 01:15:21', '2025-12-06 01:15:21', 0, 0, '2025-12-06 00:15:21', 5, 10),
(110464, 'tree', 944, 1, 7, 12, 0, 0, 0, '2025-12-06 01:15:21', '2025-12-06 01:15:21', 0, 0, '2025-12-06 00:15:21', 7, 12),
(110465, 'tree', 944, 1, 1, 17, 0, 0, 0, '2025-12-06 01:15:21', '2025-12-06 01:15:21', 0, 0, '2025-12-06 00:15:21', 1, 17),
(110466, 'tree', 944, 1, 2, 5, 0, 0, 0, '2025-12-06 01:15:21', '2025-12-06 01:15:21', 0, 0, '2025-12-06 00:15:21', 2, 5),
(110467, 'tree', 944, 1, 6, 20, 0, 0, 0, '2025-12-06 01:15:21', '2025-12-06 01:15:21', 0, 0, '2025-12-06 00:15:21', 6, 20),
(110468, 'tree', 944, 1, 2, 3, 0, 0, 0, '2025-12-06 01:15:21', '2025-12-06 01:15:21', 0, 0, '2025-12-06 00:15:21', 2, 3),
(110469, 'tree', 944, 1, 6, 17, 0, 0, 0, '2025-12-06 01:15:21', '2025-12-06 01:15:21', 0, 0, '2025-12-06 00:15:21', 6, 17),
(110470, 'tree', 944, 1, 5, 2, 0, 0, 0, '2025-12-06 01:15:21', '2025-12-06 01:15:21', 0, 0, '2025-12-06 00:15:21', 5, 2),
(110471, 'tree', 944, 1, 7, 5, 0, 0, 0, '2025-12-06 01:15:21', '2025-12-06 01:15:21', 0, 0, '2025-12-06 00:15:21', 7, 5),
(110472, 'tree', 944, 1, 7, 8, 0, 0, 0, '2025-12-06 01:15:21', '2025-12-06 01:15:21', 0, 0, '2025-12-06 00:15:21', 7, 8),
(110473, 'tree', 944, 1, 2, 13, 0, 0, 0, '2025-12-06 01:15:21', '2025-12-06 01:15:21', 0, 0, '2025-12-06 00:15:21', 2, 13),
(110474, 'tree', 944, 1, 3, 20, 0, 0, 0, '2025-12-06 01:15:21', '2025-12-06 01:15:21', 0, 0, '2025-12-06 00:15:21', 3, 20),
(110475, 'tree', 944, 1, 21, 17, 0, 0, 0, '2025-12-06 01:15:21', '2025-12-06 01:15:21', 0, 0, '2025-12-06 00:15:21', 21, 17),
(110476, 'tree', 944, 1, 19, 8, 0, 0, 0, '2025-12-06 01:15:21', '2025-12-06 01:15:21', 0, 0, '2025-12-06 00:15:21', 19, 8),
(110477, 'tree', 944, 1, 12, 7, 0, 0, 0, '2025-12-06 01:15:21', '2025-12-06 01:15:21', 0, 0, '2025-12-06 00:15:21', 12, 7),
(110478, 'tree', 944, 1, 15, 1, 0, 0, 0, '2025-12-06 01:15:21', '2025-12-06 01:15:21', 0, 0, '2025-12-06 00:15:21', 15, 1),
(110479, 'tree', 944, 1, 18, 17, 0, 0, 0, '2025-12-06 01:15:21', '2025-12-06 01:15:21', 0, 0, '2025-12-06 00:15:21', 18, 17),
(110480, 'tree', 944, 1, 3, 8, 0, 0, 0, '2025-12-06 01:15:21', '2025-12-06 01:15:21', 0, 0, '2025-12-06 00:15:21', 3, 8),
(110481, 'tree', 944, 1, 19, 1, 0, 0, 0, '2025-12-06 01:15:21', '2025-12-06 01:15:21', 0, 0, '2025-12-06 00:15:21', 19, 1),
(110482, 'tree', 944, 1, 20, 20, 0, 0, 0, '2025-12-06 01:15:21', '2025-12-06 01:15:21', 0, 0, '2025-12-06 00:15:21', 20, 20),
(110483, 'tree', 944, 1, 21, 9, 0, 0, 0, '2025-12-06 01:15:21', '2025-12-06 01:15:21', 0, 0, '2025-12-06 00:15:21', 21, 9),
(110484, 'tree', 944, 1, 3, 18, 0, 0, 0, '2025-12-06 01:15:21', '2025-12-06 01:15:21', 0, 0, '2025-12-06 00:15:21', 3, 18),
(110485, 'tree', 944, 1, 11, 4, 0, 0, 0, '2025-12-06 01:15:21', '2025-12-06 01:15:21', 0, 0, '2025-12-06 00:15:21', 11, 4),
(110486, 'tree', 944, 1, 14, 16, 0, 0, 0, '2025-12-06 01:15:21', '2025-12-06 01:15:21', 0, 0, '2025-12-06 00:15:21', 14, 16),
(110487, 'tree', 944, 1, 9, 15, 0, 0, 0, '2025-12-06 01:15:21', '2025-12-06 01:15:21', 0, 0, '2025-12-06 00:15:21', 9, 15),
(110488, 'tree', 944, 1, 11, 18, 0, 0, 0, '2025-12-06 01:15:21', '2025-12-06 01:15:21', 0, 0, '2025-12-06 00:15:21', 11, 18),
(110489, 'tree', 944, 1, 2, 11, 0, 0, 0, '2025-12-06 01:15:21', '2025-12-06 01:15:21', 0, 0, '2025-12-06 00:15:21', 2, 11),
(110490, 'tree', 944, 1, 15, 4, 0, 0, 0, '2025-12-06 01:15:21', '2025-12-06 01:15:21', 0, 0, '2025-12-06 00:15:21', 15, 4),
(110491, 'tree', 944, 1, 1, 1, 0, 0, 0, '2025-12-06 01:15:21', '2025-12-06 01:15:21', 0, 0, '2025-12-06 00:15:21', 1, 1),
(110492, 'townhall', 945, 1, 10, 9, 400, 1000, 0, '2025-12-06 22:56:18', '2025-12-06 22:56:18', 0, 0, '2025-12-06 21:56:18', 10, 10),
(110493, 'goldstorage', 945, 1, 15, 9, 300, 0, 0, '2025-12-06 22:56:18', '2025-12-06 22:56:18', 0, 0, '2025-12-06 21:56:18', 16, 10),
(110494, 'elixirstorage', 945, 1, 5, 10, 0, 700, 0, '2025-12-06 22:56:18', '2025-12-06 22:56:18', 0, 0, '2025-12-06 21:56:18', 5, 10),
(110498, 'tree', 945, 1, 21, 1, 0, 0, 0, '2025-12-06 22:56:18', '2025-12-06 22:56:18', 0, 0, '2025-12-06 21:56:18', 21, 1),
(110499, 'tree', 945, 1, 21, 17, 0, 0, 0, '2025-12-06 22:56:18', '2025-12-06 22:56:18', 0, 0, '2025-12-06 21:56:18', 21, 17),
(110500, 'tree', 945, 1, 2, 20, 0, 0, 0, '2025-12-06 22:56:18', '2025-12-06 22:56:18', 0, 0, '2025-12-06 21:56:18', 2, 20),
(110503, 'tree', 945, 1, 19, 16, 0, 0, 0, '2025-12-06 22:56:18', '2025-12-06 22:56:18', 0, 0, '2025-12-06 21:56:18', 19, 16),
(110508, 'tree', 945, 1, 2, 11, 0, 0, 0, '2025-12-06 22:56:18', '2025-12-06 22:56:18', 0, 0, '2025-12-06 21:56:18', 2, 11),
(110509, 'tree', 945, 1, 10, 21, 0, 0, 0, '2025-12-06 22:56:18', '2025-12-06 22:56:18', 0, 0, '2025-12-06 21:56:18', 10, 21),
(110511, 'tree', 945, 1, 2, 6, 0, 0, 0, '2025-12-06 22:56:18', '2025-12-06 22:56:18', 0, 0, '2025-12-06 21:56:18', 2, 6),
(110514, 'tree', 945, 1, 4, 1, 0, 0, 0, '2025-12-06 22:56:18', '2025-12-06 22:56:18', 0, 0, '2025-12-06 21:56:18', 4, 1),
(110516, 'tree', 945, 1, 17, 20, 0, 0, 0, '2025-12-06 22:56:18', '2025-12-06 22:56:18', 0, 0, '2025-12-06 21:56:18', 17, 20),
(110524, 'goldmine', 945, 1, 16, 4, 0, 0, 0, '2025-12-06 22:57:24', '2025-12-06 22:57:34', 0, 10, '2025-12-06 21:57:34', -1, -1),
(110525, 'armycamp', 945, 1, 10, 15, 0, 0, 0, '2025-12-06 22:57:42', '2025-12-06 22:57:52', 0, 10, '2025-12-06 21:57:52', -1, -1),
(110526, 'spellfactory', 945, 1, 12, 5, 0, 0, 0, '2025-12-06 22:58:29', '2025-12-06 22:58:49', 0, 20, '2025-12-06 21:58:49', -1, -1),
(110527, 'elixirmine', 945, 1, 6, 5, 0, 0, 0, '2025-12-06 22:58:49', '2025-12-06 22:58:59', 0, 10, '2025-12-06 21:58:59', -1, -1),
(110528, 'laboratory', 945, 1, 8, 1, 0, 0, 0, '2025-12-06 22:59:14', '2025-12-06 22:59:34', 0, 20, '2025-12-06 21:59:34', -1, -1),
(110529, 'goldstorage', 945, 1, 15, 0, 0, 0, 0, '2025-12-06 22:59:25', '2025-12-06 22:59:35', 0, 10, '2025-12-06 21:59:35', -1, -1),
(110530, 'elixirmine', 945, 1, 4, 15, 0, 0, 0, '2025-12-06 23:01:24', '2025-12-06 23:01:34', 0, 10, '2025-12-06 22:01:34', -1, -1),
(110532, 'armycamp', 945, 1, 19, 8, 0, 0, 0, '2025-12-06 23:02:02', '2025-12-06 23:02:12', 0, 10, '2025-12-06 22:02:12', -1, -1),
(110533, 'tree', 945, 1, 1, 15, 0, 0, 0, '2025-12-06 23:03:48', '2025-12-06 23:03:58', 0, 10, '2025-12-06 22:03:58', -1, -1),
(110535, 'tree', 945, 1, 7, 19, 0, 0, 0, '2025-12-06 23:04:08', '2025-12-06 23:04:18', 0, 10, '2025-12-06 22:04:18', -1, -1),
(110536, 'tree', 945, 1, 20, 13, 0, 0, 0, '2025-12-06 23:04:49', '2025-12-06 23:04:59', 0, 10, '2025-12-06 22:04:59', -1, -1),
(110537, 'elixirstorage', 945, 1, 15, 13, 0, 0, 0, '2025-12-06 23:07:25', '2025-12-06 23:07:35', 0, 10, '2025-12-06 22:07:35', -1, -1),
(110539, 'tree', 945, 1, 20, 5, 0, 0, 0, '2025-12-06 23:07:45', '2025-12-06 23:07:55', 0, 10, '2025-12-06 22:07:55', -1, -1),
(110541, 'tree', 945, 1, 16, 17, 0, 0, 0, '2025-12-06 23:08:16', '2025-12-06 23:08:26', 0, 10, '2025-12-06 22:08:26', -1, -1),
(110542, 'tree', 945, 1, 5, 21, 0, 0, 0, '2025-12-06 23:08:40', '2025-12-06 23:08:50', 0, 10, '2025-12-06 22:08:50', -1, -1),
(110543, 'goldmine', 945, 1, 20, 20, 0, 0, 0, '2025-12-06 23:08:50', '2025-12-06 23:09:00', 0, 10, '2025-12-06 22:09:00', -1, -1),
(110544, 'goldstorage', 945, 1, 13, 20, 0, 0, 0, '2025-12-06 23:09:23', '2025-12-06 23:09:33', 0, 10, '2025-12-06 22:09:33', -1, -1),
(110545, 'tree', 945, 1, 12, 1, 0, 0, 0, '2025-12-06 23:09:35', '2025-12-06 23:09:45', 0, 10, '2025-12-06 22:09:45', -1, -1),
(110546, 'tree', 945, 1, 1, 2, 0, 0, 0, '2025-12-06 23:09:57', '2025-12-06 23:10:07', 0, 10, '2025-12-06 22:10:07', -1, -1),
(110547, 'tree', 945, 1, 0, 8, 0, 0, 0, '2025-12-06 23:10:42', '2025-12-06 23:10:52', 0, 10, '2025-12-06 22:10:52', -1, -1),
(110548, 'tree', 945, 1, 0, 18, 0, 0, 0, '2025-12-06 23:10:49', '2025-12-06 23:10:59', 0, 10, '2025-12-06 22:10:59', -1, -1),
(110549, 'tree', 945, 1, 18, 1, 0, 0, 0, '2025-12-06 23:11:08', '2025-12-06 23:11:18', 0, 10, '2025-12-06 22:11:18', -1, -1),
(110550, 'townhall', 946, 1, 10, 10, 1000, 0, 0, '2025-12-06 23:12:15', '2025-12-06 23:12:15', 0, 0, '2025-12-06 22:12:15', 10, 10),
(110551, 'goldstorage', 946, 1, 16, 10, 0, 0, 0, '2025-12-06 23:12:15', '2025-12-06 23:12:15', 0, 0, '2025-12-06 22:12:15', 16, 10),
(110552, 'elixirstorage', 946, 1, 5, 10, 0, 0, 0, '2025-12-06 23:12:15', '2025-12-06 23:12:15', 0, 0, '2025-12-06 22:12:15', 5, 10),
(110553, 'tree', 946, 1, 8, 16, 0, 0, 0, '2025-12-06 23:12:15', '2025-12-06 23:12:15', 0, 0, '2025-12-06 22:12:15', 8, 16),
(110554, 'tree', 946, 1, 3, 17, 0, 0, 0, '2025-12-06 23:12:15', '2025-12-06 23:12:15', 0, 0, '2025-12-06 22:12:15', 3, 17),
(110555, 'tree', 946, 1, 21, 11, 0, 0, 0, '2025-12-06 23:12:15', '2025-12-06 23:12:15', 0, 0, '2025-12-06 22:12:15', 21, 11),
(110556, 'tree', 946, 1, 7, 7, 0, 0, 0, '2025-12-06 23:12:15', '2025-12-06 23:12:15', 0, 0, '2025-12-06 22:12:15', 7, 7),
(110557, 'tree', 946, 1, 3, 6, 0, 0, 0, '2025-12-06 23:12:15', '2025-12-06 23:12:15', 0, 0, '2025-12-06 22:12:15', 3, 6),
(110558, 'tree', 946, 1, 10, 18, 0, 0, 0, '2025-12-06 23:12:15', '2025-12-06 23:12:15', 0, 0, '2025-12-06 22:12:15', 10, 18),
(110559, 'tree', 946, 1, 11, 14, 0, 0, 0, '2025-12-06 23:12:15', '2025-12-06 23:12:15', 0, 0, '2025-12-06 22:12:15', 11, 14),
(110560, 'tree', 946, 1, 16, 5, 0, 0, 0, '2025-12-06 23:12:15', '2025-12-06 23:12:15', 0, 0, '2025-12-06 22:12:15', 16, 5),
(110561, 'tree', 946, 1, 10, 2, 0, 0, 0, '2025-12-06 23:12:15', '2025-12-06 23:12:15', 0, 0, '2025-12-06 22:12:15', 10, 2),
(110562, 'tree', 946, 1, 16, 7, 0, 0, 0, '2025-12-06 23:12:15', '2025-12-06 23:12:15', 0, 0, '2025-12-06 22:12:15', 16, 7),
(110563, 'tree', 946, 1, 2, 20, 0, 0, 0, '2025-12-06 23:12:15', '2025-12-06 23:12:15', 0, 0, '2025-12-06 22:12:15', 2, 20),
(110564, 'tree', 946, 1, 19, 12, 0, 0, 0, '2025-12-06 23:12:15', '2025-12-06 23:12:15', 0, 0, '2025-12-06 22:12:15', 19, 12),
(110565, 'tree', 946, 1, 15, 17, 0, 0, 0, '2025-12-06 23:12:15', '2025-12-06 23:12:15', 0, 0, '2025-12-06 22:12:15', 15, 17),
(110566, 'tree', 946, 1, 12, 17, 0, 0, 0, '2025-12-06 23:12:15', '2025-12-06 23:12:15', 0, 0, '2025-12-06 22:12:15', 12, 17),
(110567, 'tree', 946, 1, 14, 13, 0, 0, 0, '2025-12-06 23:12:15', '2025-12-06 23:12:15', 0, 0, '2025-12-06 22:12:15', 14, 13),
(110568, 'tree', 946, 1, 12, 20, 0, 0, 0, '2025-12-06 23:12:15', '2025-12-06 23:12:15', 0, 0, '2025-12-06 22:12:15', 12, 20),
(110569, 'tree', 946, 1, 15, 1, 0, 0, 0, '2025-12-06 23:12:15', '2025-12-06 23:12:15', 0, 0, '2025-12-06 22:12:15', 15, 1),
(110570, 'tree', 946, 1, 19, 21, 0, 0, 0, '2025-12-06 23:12:15', '2025-12-06 23:12:15', 0, 0, '2025-12-06 22:12:15', 19, 21),
(110571, 'tree', 946, 1, 5, 3, 0, 0, 0, '2025-12-06 23:12:15', '2025-12-06 23:12:15', 0, 0, '2025-12-06 22:12:15', 5, 3),
(110572, 'tree', 946, 1, 13, 2, 0, 0, 0, '2025-12-06 23:12:15', '2025-12-06 23:12:15', 0, 0, '2025-12-06 22:12:15', 13, 2),
(110573, 'tree', 946, 1, 20, 8, 0, 0, 0, '2025-12-06 23:12:15', '2025-12-06 23:12:15', 0, 0, '2025-12-06 22:12:15', 20, 8),
(110574, 'tree', 946, 1, 8, 14, 0, 0, 0, '2025-12-06 23:12:15', '2025-12-06 23:12:15', 0, 0, '2025-12-06 22:12:15', 8, 14),
(110575, 'tree', 946, 1, 8, 19, 0, 0, 0, '2025-12-06 23:12:15', '2025-12-06 23:12:15', 0, 0, '2025-12-06 22:12:15', 8, 19),
(110576, 'tree', 946, 1, 6, 18, 0, 0, 0, '2025-12-06 23:12:15', '2025-12-06 23:12:15', 0, 0, '2025-12-06 22:12:15', 6, 18),
(110577, 'tree', 946, 1, 21, 3, 0, 0, 0, '2025-12-06 23:12:15', '2025-12-06 23:12:15', 0, 0, '2025-12-06 22:12:15', 21, 3),
(110578, 'tree', 946, 1, 12, 6, 0, 0, 0, '2025-12-06 23:12:15', '2025-12-06 23:12:15', 0, 0, '2025-12-06 22:12:15', 12, 6),
(110579, 'tree', 946, 1, 18, 16, 0, 0, 0, '2025-12-06 23:12:15', '2025-12-06 23:12:15', 0, 0, '2025-12-06 22:12:15', 18, 16),
(110580, 'tree', 946, 1, 1, 4, 0, 0, 0, '2025-12-06 23:12:15', '2025-12-06 23:12:15', 0, 0, '2025-12-06 22:12:15', 1, 4),
(110581, 'townhall', 947, 1, 10, 10, 700, 100, 0, '2025-12-08 16:49:53', '2025-12-08 16:49:53', 0, 0, '2025-12-08 15:49:53', 10, 10),
(110582, 'goldstorage', 947, 1, 16, 10, 500, 0, 0, '2025-12-08 16:49:53', '2025-12-08 16:49:53', 0, 0, '2025-12-08 15:49:53', 16, 10),
(110583, 'elixirstorage', 947, 1, 5, 10, 0, 0, 0, '2025-12-08 16:49:53', '2025-12-08 16:49:53', 0, 0, '2025-12-08 15:49:53', 5, 10),
(110584, 'tree', 947, 1, 5, 2, 0, 0, 0, '2025-12-08 16:49:53', '2025-12-08 16:49:53', 0, 0, '2025-12-08 15:49:53', 5, 2),
(110585, 'tree', 947, 1, 17, 6, 0, 0, 0, '2025-12-08 16:49:53', '2025-12-08 16:49:53', 0, 0, '2025-12-08 15:49:53', 17, 6),
(110587, 'tree', 947, 1, 13, 2, 0, 0, 0, '2025-12-08 16:49:53', '2025-12-08 16:49:53', 0, 0, '2025-12-08 15:49:53', 13, 2),
(110588, 'tree', 947, 1, 17, 3, 0, 0, 0, '2025-12-08 16:49:53', '2025-12-08 16:49:53', 0, 0, '2025-12-08 15:49:53', 17, 3),
(110589, 'tree', 947, 1, 12, 13, 0, 0, 0, '2025-12-08 16:49:53', '2025-12-08 16:49:53', 0, 0, '2025-12-08 15:49:53', 12, 13),
(110590, 'tree', 947, 1, 15, 19, 0, 0, 0, '2025-12-08 16:49:53', '2025-12-08 16:49:53', 0, 0, '2025-12-08 15:49:53', 15, 19),
(110591, 'tree', 947, 1, 11, 1, 0, 0, 0, '2025-12-08 16:49:53', '2025-12-08 16:49:53', 0, 0, '2025-12-08 15:49:53', 11, 1),
(110592, 'tree', 947, 1, 17, 19, 0, 0, 0, '2025-12-08 16:49:53', '2025-12-08 16:49:53', 0, 0, '2025-12-08 15:49:53', 17, 19),
(110593, 'tree', 947, 1, 6, 18, 0, 0, 0, '2025-12-08 16:49:53', '2025-12-08 16:49:53', 0, 0, '2025-12-08 15:49:53', 6, 18),
(110597, 'tree', 947, 1, 19, 18, 0, 0, 0, '2025-12-08 16:49:53', '2025-12-08 16:49:53', 0, 0, '2025-12-08 15:49:53', 19, 18),
(110598, 'tree', 947, 1, 19, 13, 0, 0, 0, '2025-12-08 16:49:53', '2025-12-08 16:49:53', 0, 0, '2025-12-08 15:49:53', 19, 13),
(110599, 'tree', 947, 1, 9, 1, 0, 0, 0, '2025-12-08 16:49:53', '2025-12-08 16:49:53', 0, 0, '2025-12-08 15:49:53', 9, 1),
(110600, 'tree', 947, 1, 2, 13, 0, 0, 0, '2025-12-08 16:49:53', '2025-12-08 16:49:53', 0, 0, '2025-12-08 15:49:53', 2, 13),
(110601, 'tree', 947, 1, 20, 8, 0, 0, 0, '2025-12-08 16:49:53', '2025-12-08 16:49:53', 0, 0, '2025-12-08 15:49:53', 20, 8),
(110602, 'tree', 947, 1, 6, 21, 0, 0, 0, '2025-12-08 16:49:53', '2025-12-08 16:49:53', 0, 0, '2025-12-08 15:49:53', 6, 21),
(110604, 'tree', 947, 1, 6, 15, 0, 0, 0, '2025-12-08 16:49:53', '2025-12-08 16:49:53', 0, 0, '2025-12-08 15:49:53', 6, 15),
(110605, 'tree', 947, 1, 15, 21, 0, 0, 0, '2025-12-08 16:49:53', '2025-12-08 16:49:53', 0, 0, '2025-12-08 15:49:53', 15, 21),
(110606, 'tree', 947, 1, 9, 17, 0, 0, 0, '2025-12-08 16:49:53', '2025-12-08 16:49:53', 0, 0, '2025-12-08 15:49:53', 9, 17),
(110607, 'tree', 947, 1, 14, 14, 0, 0, 0, '2025-12-08 16:49:53', '2025-12-08 16:49:53', 0, 0, '2025-12-08 15:49:53', 14, 14),
(110608, 'tree', 947, 1, 14, 17, 0, 0, 0, '2025-12-08 16:49:53', '2025-12-08 16:49:53', 0, 0, '2025-12-08 15:49:53', 14, 17),
(110609, 'tree', 947, 1, 4, 14, 0, 0, 0, '2025-12-08 16:49:53', '2025-12-08 16:49:53', 0, 0, '2025-12-08 15:49:53', 4, 14),
(110610, 'tree', 947, 1, 19, 16, 0, 0, 0, '2025-12-08 16:49:53', '2025-12-08 16:49:53', 0, 0, '2025-12-08 15:49:53', 19, 16),
(110611, 'tree', 947, 1, 8, 20, 0, 0, 0, '2025-12-08 16:49:53', '2025-12-08 16:49:53', 0, 0, '2025-12-08 15:49:53', 8, 20),
(110612, 'elixirmine', 947, 1, 6, 6, 0, 0, 0, '2025-12-08 16:51:07', '2025-12-08 16:51:17', 0, 10, '2025-12-08 15:51:17', -1, -1),
(110613, 'goldmine', 947, 1, 11, 6, 0, 0, 0, '2025-12-08 16:51:16', '2025-12-08 16:51:26', 0, 10, '2025-12-08 15:51:26', -1, -1),
(110614, 'tree', 947, 1, 0, 6, 0, 0, 0, '2025-12-08 16:51:29', '2025-12-08 16:51:39', 0, 10, '2025-12-08 15:51:39', -1, -1),
(110615, 'tree', 947, 1, 0, 9, 0, 0, 0, '2025-12-08 16:51:34', '2025-12-08 16:51:44', 0, 10, '2025-12-08 15:51:44', -1, -1),
(110616, 'townhall', 948, 1, 10, 10, 400, 350, 0, '2025-12-08 17:03:15', '2025-12-08 17:03:15', 0, 0, '2025-12-08 16:03:15', 10, 10),
(110617, 'goldstorage', 948, 1, 16, 10, 400, 0, 0, '2025-12-08 17:03:15', '2025-12-08 17:03:15', 0, 0, '2025-12-08 16:03:15', 16, 10),
(110618, 'elixirstorage', 948, 1, 5, 10, 0, 0, 0, '2025-12-08 17:03:15', '2025-12-08 17:03:15', 0, 0, '2025-12-08 16:03:15', 5, 10),
(110619, 'tree', 948, 1, 10, 16, 0, 0, 0, '2025-12-08 17:03:15', '2025-12-08 17:03:15', 0, 0, '2025-12-08 16:03:15', 10, 16),
(110620, 'tree', 948, 1, 16, 5, 0, 0, 0, '2025-12-08 17:03:15', '2025-12-08 17:03:15', 0, 0, '2025-12-08 16:03:15', 16, 5),
(110621, 'tree', 948, 1, 16, 21, 0, 0, 0, '2025-12-08 17:03:15', '2025-12-08 17:03:15', 0, 0, '2025-12-08 16:03:15', 16, 21),
(110622, 'tree', 948, 1, 20, 13, 0, 0, 0, '2025-12-08 17:03:15', '2025-12-08 17:03:15', 0, 0, '2025-12-08 16:03:15', 20, 13),
(110623, 'tree', 948, 1, 1, 2, 0, 0, 0, '2025-12-08 17:03:15', '2025-12-08 17:03:15', 0, 0, '2025-12-08 16:03:15', 1, 2),
(110624, 'tree', 948, 1, 8, 14, 0, 0, 0, '2025-12-08 17:03:15', '2025-12-08 17:03:15', 0, 0, '2025-12-08 16:03:15', 8, 14),
(110625, 'tree', 948, 1, 2, 5, 0, 0, 0, '2025-12-08 17:03:15', '2025-12-08 17:03:15', 0, 0, '2025-12-08 16:03:15', 2, 5),
(110626, 'tree', 948, 1, 21, 9, 0, 0, 0, '2025-12-08 17:03:15', '2025-12-08 17:03:15', 0, 0, '2025-12-08 16:03:15', 21, 9),
(110629, 'tree', 948, 1, 15, 13, 0, 0, 0, '2025-12-08 17:03:15', '2025-12-08 17:03:15', 0, 0, '2025-12-08 16:03:15', 15, 13),
(110630, 'tree', 948, 1, 18, 20, 0, 0, 0, '2025-12-08 17:03:15', '2025-12-08 17:03:15', 0, 0, '2025-12-08 16:03:15', 18, 20),
(110631, 'tree', 948, 1, 1, 8, 0, 0, 0, '2025-12-08 17:03:15', '2025-12-08 17:03:15', 0, 0, '2025-12-08 16:03:15', 1, 8),
(110632, 'tree', 948, 1, 5, 5, 0, 0, 0, '2025-12-08 17:03:15', '2025-12-08 17:03:15', 0, 0, '2025-12-08 16:03:15', 5, 5),
(110633, 'tree', 948, 1, 19, 5, 0, 0, 0, '2025-12-08 17:03:15', '2025-12-08 17:03:15', 0, 0, '2025-12-08 16:03:15', 19, 5),
(110634, 'tree', 948, 1, 21, 16, 0, 0, 0, '2025-12-08 17:03:15', '2025-12-08 17:03:15', 0, 0, '2025-12-08 16:03:15', 21, 16),
(110635, 'tree', 948, 1, 21, 4, 0, 0, 0, '2025-12-08 17:03:15', '2025-12-08 17:03:15', 0, 0, '2025-12-08 16:03:15', 21, 4),
(110636, 'tree', 948, 1, 20, 19, 0, 0, 0, '2025-12-08 17:03:15', '2025-12-08 17:03:15', 0, 0, '2025-12-08 16:03:15', 20, 19),
(110638, 'tree', 948, 1, 1, 17, 0, 0, 0, '2025-12-08 17:03:15', '2025-12-08 17:03:15', 0, 0, '2025-12-08 16:03:15', 1, 17),
(110639, 'tree', 948, 1, 20, 2, 0, 0, 0, '2025-12-08 17:03:15', '2025-12-08 17:03:15', 0, 0, '2025-12-08 16:03:15', 20, 2),
(110640, 'tree', 948, 1, 2, 12, 0, 0, 0, '2025-12-08 17:03:15', '2025-12-08 17:03:15', 0, 0, '2025-12-08 16:03:15', 2, 12),
(110641, 'tree', 948, 1, 16, 3, 0, 0, 0, '2025-12-08 17:03:15', '2025-12-08 17:03:15', 0, 0, '2025-12-08 16:03:15', 16, 3),
(110642, 'tree', 948, 1, 5, 13, 0, 0, 0, '2025-12-08 17:03:15', '2025-12-08 17:03:15', 0, 0, '2025-12-08 16:03:15', 5, 13),
(110643, 'tree', 948, 1, 2, 21, 0, 0, 0, '2025-12-08 17:03:15', '2025-12-08 17:03:15', 0, 0, '2025-12-08 16:03:15', 2, 21),
(110644, 'tree', 948, 1, 13, 1, 0, 0, 0, '2025-12-08 17:03:15', '2025-12-08 17:03:15', 0, 0, '2025-12-08 16:03:15', 13, 1),
(110646, 'tree', 948, 1, 18, 15, 0, 0, 0, '2025-12-08 17:03:15', '2025-12-08 17:03:15', 0, 0, '2025-12-08 16:03:15', 18, 15),
(110647, 'elixirmine', 948, 1, 11, 6, 0, 0, 0, '2025-12-08 17:04:06', '2025-12-08 17:04:16', 0, 10, '2025-12-08 16:04:16', -1, -1),
(110648, 'goldmine', 948, 1, 7, 6, 0, 0, 0, '2025-12-08 17:04:19', '2025-12-08 17:04:29', 0, 10, '2025-12-08 16:04:29', -1, -1),
(110649, 'tree', 948, 1, 6, 20, 0, 0, 0, '2025-12-08 17:04:24', '2025-12-08 17:04:34', 0, 10, '2025-12-08 16:04:34', -1, -1),
(110650, 'tree', 948, 1, 10, 19, 0, 0, 0, '2025-12-08 17:04:28', '2025-12-08 17:04:38', 0, 10, '2025-12-08 16:04:38', -1, -1),
(110651, 'elixirstorage', 948, 1, 6, 1, 0, 0, 0, '2025-12-08 17:04:36', '2025-12-08 17:04:46', 0, 10, '2025-12-08 16:04:46', -1, -1),
(110652, 'townhall', 949, 1, 19, 9, 1000, -750, 0, '2025-12-08 17:15:31', '2025-12-08 17:15:31', 0, 0, '2025-12-08 16:15:31', 10, 10),
(110653, 'goldstorage', 949, 1, 20, 6, 1500, 0, 0, '2025-12-08 17:15:31', '2025-12-08 17:15:31', 0, 0, '2025-12-08 16:15:31', 16, 10),
(110654, 'elixirstorage', 949, 1, 20, 13, 0, 0, 0, '2025-12-08 17:15:31', '2025-12-08 17:15:31', 0, 0, '2025-12-08 16:15:31', 5, 10),
(110656, 'tree', 949, 1, 3, 20, 0, 0, 0, '2025-12-08 17:15:31', '2025-12-08 17:15:31', 0, 0, '2025-12-08 16:15:31', 3, 20),
(110660, 'tree', 949, 1, 1, 8, 0, 0, 0, '2025-12-08 17:15:31', '2025-12-08 17:15:31', 0, 0, '2025-12-08 16:15:31', 1, 8),
(110664, 'tree', 949, 1, 20, 17, 0, 0, 0, '2025-12-08 17:15:31', '2025-12-08 17:15:31', 0, 0, '2025-12-08 16:15:31', 20, 17),
(110665, 'tree', 949, 1, 10, 19, 0, 0, 0, '2025-12-08 17:15:31', '2025-12-08 17:15:31', 0, 0, '2025-12-08 16:15:31', 10, 19),
(110666, 'tree', 949, 1, 2, 4, 0, 0, 0, '2025-12-08 17:15:31', '2025-12-08 17:15:31', 0, 0, '2025-12-08 16:15:31', 2, 4),
(110667, 'tree', 949, 1, 12, 19, 0, 0, 0, '2025-12-08 17:15:31', '2025-12-08 17:15:31', 0, 0, '2025-12-08 16:15:31', 12, 19),
(110669, 'tree', 949, 1, 4, 13, 0, 0, 0, '2025-12-08 17:15:31', '2025-12-08 17:15:31', 0, 0, '2025-12-08 16:15:31', 4, 13),
(110671, 'tree', 949, 1, 21, 21, 0, 0, 0, '2025-12-08 17:15:31', '2025-12-08 17:15:31', 0, 0, '2025-12-08 16:15:31', 21, 21),
(110672, 'tree', 949, 1, 2, 16, 0, 0, 0, '2025-12-08 17:15:31', '2025-12-08 17:15:31', 0, 0, '2025-12-08 16:15:31', 2, 16),
(110673, 'tree', 949, 1, 6, 16, 0, 0, 0, '2025-12-08 17:15:31', '2025-12-08 17:15:31', 0, 0, '2025-12-08 16:15:31', 6, 16),
(110674, 'tree', 949, 1, 11, 21, 0, 0, 0, '2025-12-08 17:15:31', '2025-12-08 17:15:31', 0, 0, '2025-12-08 16:15:31', 11, 21),
(110675, 'tree', 949, 1, 17, 17, 0, 0, 0, '2025-12-08 17:15:31', '2025-12-08 17:15:31', 0, 0, '2025-12-08 16:15:31', 17, 17),
(110680, 'tree', 949, 1, 15, 19, 0, 0, 0, '2025-12-08 17:15:31', '2025-12-08 17:15:31', 0, 0, '2025-12-08 16:15:31', 15, 19),
(110683, 'townhall', 950, 1, 10, 10, 0, 850, 0, '2025-12-08 17:22:28', '2025-12-08 17:22:28', 0, 0, '2025-12-08 16:22:28', 10, 10),
(110684, 'goldstorage', 950, 1, 16, 10, 250, 0, 0, '2025-12-08 17:22:28', '2025-12-08 17:22:28', 0, 0, '2025-12-08 16:22:28', 16, 10),
(110685, 'elixirstorage', 950, 1, 5, 10, 0, 0, 0, '2025-12-08 17:22:28', '2025-12-08 17:22:28', 0, 0, '2025-12-08 16:22:28', 5, 10),
(110686, 'tree', 950, 1, 6, 15, 0, 0, 0, '2025-12-08 17:22:28', '2025-12-08 17:22:28', 0, 0, '2025-12-08 16:22:28', 6, 15),
(110687, 'tree', 950, 1, 20, 6, 0, 0, 0, '2025-12-08 17:22:28', '2025-12-08 17:22:28', 0, 0, '2025-12-08 16:22:28', 20, 6),
(110688, 'tree', 950, 1, 16, 18, 0, 0, 0, '2025-12-08 17:22:28', '2025-12-08 17:22:28', 0, 0, '2025-12-08 16:22:28', 16, 18),
(110689, 'tree', 950, 1, 4, 19, 0, 0, 0, '2025-12-08 17:22:28', '2025-12-08 17:22:28', 0, 0, '2025-12-08 16:22:28', 4, 19),
(110690, 'tree', 950, 1, 6, 2, 0, 0, 0, '2025-12-08 17:22:28', '2025-12-08 17:22:28', 0, 0, '2025-12-08 16:22:28', 6, 2),
(110691, 'tree', 950, 1, 10, 19, 0, 0, 0, '2025-12-08 17:22:28', '2025-12-08 17:22:28', 0, 0, '2025-12-08 16:22:28', 10, 19),
(110692, 'tree', 950, 1, 13, 13, 0, 0, 0, '2025-12-08 17:22:28', '2025-12-08 17:22:28', 0, 0, '2025-12-08 16:22:28', 13, 13),
(110693, 'tree', 950, 1, 16, 21, 0, 0, 0, '2025-12-08 17:22:28', '2025-12-08 17:22:28', 0, 0, '2025-12-08 16:22:28', 16, 21),
(110694, 'tree', 950, 1, 17, 13, 0, 0, 0, '2025-12-08 17:22:28', '2025-12-08 17:22:28', 0, 0, '2025-12-08 16:22:28', 17, 13),
(110698, 'tree', 950, 1, 2, 17, 0, 0, 0, '2025-12-08 17:22:28', '2025-12-08 17:22:28', 0, 0, '2025-12-08 16:22:28', 2, 17),
(110699, 'tree', 950, 1, 1, 11, 0, 0, 0, '2025-12-08 17:22:28', '2025-12-08 17:22:28', 0, 0, '2025-12-08 16:22:28', 1, 11),
(110700, 'tree', 950, 1, 18, 17, 0, 0, 0, '2025-12-08 17:22:28', '2025-12-08 17:22:28', 0, 0, '2025-12-08 16:22:28', 18, 17),
(110701, 'tree', 950, 1, 20, 3, 0, 0, 0, '2025-12-08 17:22:28', '2025-12-08 17:22:28', 0, 0, '2025-12-08 16:22:28', 20, 3),
(110702, 'tree', 950, 1, 13, 19, 0, 0, 0, '2025-12-08 17:22:28', '2025-12-08 17:22:28', 0, 0, '2025-12-08 16:22:28', 13, 19),
(110704, 'tree', 950, 1, 20, 1, 0, 0, 0, '2025-12-08 17:22:28', '2025-12-08 17:22:28', 0, 0, '2025-12-08 16:22:28', 20, 1),
(110705, 'tree', 950, 1, 18, 3, 0, 0, 0, '2025-12-08 17:22:28', '2025-12-08 17:22:28', 0, 0, '2025-12-08 16:22:28', 18, 3),
(110706, 'tree', 950, 1, 16, 15, 0, 0, 0, '2025-12-08 17:22:28', '2025-12-08 17:22:28', 0, 0, '2025-12-08 16:22:28', 16, 15),
(110707, 'tree', 950, 1, 19, 13, 0, 0, 0, '2025-12-08 17:22:28', '2025-12-08 17:22:28', 0, 0, '2025-12-08 16:22:28', 19, 13),
(110708, 'tree', 950, 1, 9, 1, 0, 0, 0, '2025-12-08 17:22:28', '2025-12-08 17:22:28', 0, 0, '2025-12-08 16:22:28', 9, 1),
(110709, 'tree', 950, 1, 4, 21, 0, 0, 0, '2025-12-08 17:22:28', '2025-12-08 17:22:28', 0, 0, '2025-12-08 16:22:28', 4, 21),
(110710, 'tree', 950, 1, 12, 17, 0, 0, 0, '2025-12-08 17:22:28', '2025-12-08 17:22:28', 0, 0, '2025-12-08 16:22:28', 12, 17),
(110711, 'tree', 950, 1, 14, 2, 0, 0, 0, '2025-12-08 17:22:28', '2025-12-08 17:22:28', 0, 0, '2025-12-08 16:22:28', 14, 2),
(110712, 'tree', 950, 1, 3, 15, 0, 0, 0, '2025-12-08 17:22:28', '2025-12-08 17:22:28', 0, 0, '2025-12-08 16:22:28', 3, 15),
(110713, 'tree', 950, 1, 2, 9, 0, 0, 0, '2025-12-08 17:22:28', '2025-12-08 17:22:28', 0, 0, '2025-12-08 16:22:28', 2, 9),
(110714, 'elixirmine', 950, 1, 8, 5, 0, 0, 0, '2025-12-08 17:23:29', '2025-12-08 17:23:39', 0, 10, '2025-12-08 16:23:39', -1, -1),
(110715, 'elixirstorage', 950, 1, 14, 5, 0, 0, 0, '2025-12-08 17:23:45', '2025-12-08 17:23:55', 0, 10, '2025-12-08 16:23:54', -1, -1),
(110716, 'tree', 950, 1, 2, 5, 0, 0, 0, '2025-12-08 17:23:54', '2025-12-08 17:24:04', 0, 10, '2025-12-08 16:24:04', -1, -1),
(110717, 'spellfactory', 950, 1, 9, 15, 0, 0, 0, '2025-12-08 17:25:18', '2025-12-08 17:25:38', 0, 20, '2025-12-08 16:25:38', -1, -1),
(110718, 'laboratory', 950, 1, 20, 8, 0, 0, 0, '2025-12-08 17:25:25', '2025-12-08 17:25:45', 0, 20, '2025-12-08 16:25:45', -1, -1),
(110719, 'elixirmine', 950, 1, 4, 5, 0, 0, 0, '2025-12-08 17:25:35', '2025-12-08 17:25:45', 0, 10, '2025-12-08 16:25:45', -1, -1),
(110720, 'townhall', 951, 1, 10, 10, 1000, -300, 0, '2025-12-08 17:32:28', '2025-12-08 17:32:28', 0, 0, '2025-12-08 16:32:28', 10, 10),
(110721, 'goldstorage', 951, 1, 16, 10, 600, 0, 0, '2025-12-08 17:32:28', '2025-12-08 17:32:28', 0, 0, '2025-12-08 16:32:28', 16, 10),
(110722, 'elixirstorage', 951, 1, 5, 10, 0, 0, 0, '2025-12-08 17:32:28', '2025-12-08 17:32:28', 0, 0, '2025-12-08 16:32:28', 5, 10),
(110723, 'tree', 951, 1, 3, 13, 0, 0, 0, '2025-12-08 17:32:28', '2025-12-08 17:32:28', 0, 0, '2025-12-08 16:32:28', 3, 13),
(110724, 'tree', 951, 1, 12, 2, 0, 0, 0, '2025-12-08 17:32:28', '2025-12-08 17:32:28', 0, 0, '2025-12-08 16:32:28', 12, 2),
(110725, 'tree', 951, 1, 17, 3, 0, 0, 0, '2025-12-08 17:32:28', '2025-12-08 17:32:28', 0, 0, '2025-12-08 16:32:28', 17, 3),
(110726, 'tree', 951, 1, 15, 14, 0, 0, 0, '2025-12-08 17:32:28', '2025-12-08 17:32:28', 0, 0, '2025-12-08 16:32:28', 15, 14),
(110727, 'tree', 951, 1, 21, 4, 0, 0, 0, '2025-12-08 17:32:28', '2025-12-08 17:32:28', 0, 0, '2025-12-08 16:32:28', 21, 4),
(110729, 'tree', 951, 1, 21, 9, 0, 0, 0, '2025-12-08 17:32:28', '2025-12-08 17:32:28', 0, 0, '2025-12-08 16:32:28', 21, 9),
(110730, 'tree', 951, 1, 6, 18, 0, 0, 0, '2025-12-08 17:32:28', '2025-12-08 17:32:28', 0, 0, '2025-12-08 16:32:28', 6, 18),
(110731, 'tree', 951, 1, 7, 15, 0, 0, 0, '2025-12-08 17:32:28', '2025-12-08 17:32:28', 0, 0, '2025-12-08 16:32:28', 7, 15),
(110732, 'tree', 951, 1, 17, 13, 0, 0, 0, '2025-12-08 17:32:28', '2025-12-08 17:32:28', 0, 0, '2025-12-08 16:32:28', 17, 13),
(110733, 'tree', 951, 1, 1, 10, 0, 0, 0, '2025-12-08 17:32:28', '2025-12-08 17:32:28', 0, 0, '2025-12-08 16:32:28', 1, 10),
(110734, 'tree', 951, 1, 18, 20, 0, 0, 0, '2025-12-08 17:32:28', '2025-12-08 17:32:28', 0, 0, '2025-12-08 16:32:28', 18, 20),
(110735, 'tree', 951, 1, 16, 1, 0, 0, 0, '2025-12-08 17:32:28', '2025-12-08 17:32:28', 0, 0, '2025-12-08 16:32:28', 16, 1),
(110736, 'tree', 951, 1, 8, 13, 0, 0, 0, '2025-12-08 17:32:28', '2025-12-08 17:32:28', 0, 0, '2025-12-08 16:32:28', 8, 13),
(110737, 'tree', 951, 1, 20, 13, 0, 0, 0, '2025-12-08 17:32:28', '2025-12-08 17:32:28', 0, 0, '2025-12-08 16:32:28', 20, 13),
(110739, 'tree', 951, 1, 12, 20, 0, 0, 0, '2025-12-08 17:32:28', '2025-12-08 17:32:28', 0, 0, '2025-12-08 16:32:28', 12, 20),
(110742, 'tree', 951, 1, 10, 3, 0, 0, 0, '2025-12-08 17:32:28', '2025-12-08 17:32:28', 0, 0, '2025-12-08 16:32:28', 10, 3),
(110743, 'tree', 951, 1, 4, 7, 0, 0, 0, '2025-12-08 17:32:28', '2025-12-08 17:32:28', 0, 0, '2025-12-08 16:32:28', 4, 7),
(110744, 'tree', 951, 1, 4, 18, 0, 0, 0, '2025-12-08 17:32:28', '2025-12-08 17:32:28', 0, 0, '2025-12-08 16:32:28', 4, 18),
(110745, 'tree', 951, 1, 13, 15, 0, 0, 0, '2025-12-08 17:32:28', '2025-12-08 17:32:28', 0, 0, '2025-12-08 16:32:28', 13, 15),
(110747, 'tree', 951, 1, 4, 20, 0, 0, 0, '2025-12-08 17:32:28', '2025-12-08 17:32:28', 0, 0, '2025-12-08 16:32:28', 4, 20),
(110748, 'tree', 951, 1, 10, 18, 0, 0, 0, '2025-12-08 17:32:28', '2025-12-08 17:32:28', 0, 0, '2025-12-08 16:32:28', 10, 18),
(110750, 'tree', 951, 1, 1, 20, 0, 0, 0, '2025-12-08 17:32:28', '2025-12-08 17:32:28', 0, 0, '2025-12-08 16:32:28', 1, 20),
(110751, 'townhall', 952, 1, 10, 10, 400, 900, 0, '2025-12-08 17:34:11', '2025-12-08 17:34:11', 0, 0, '2025-12-08 16:34:11', 10, 10),
(110752, 'goldstorage', 952, 1, 16, 10, 100, 0, 0, '2025-12-08 17:34:11', '2025-12-08 17:34:11', 0, 0, '2025-12-08 16:34:11', 16, 10),
(110753, 'elixirstorage', 952, 1, 8, 1, 0, 300, 0, '2025-12-08 17:34:11', '2025-12-08 17:34:11', 0, 0, '2025-12-08 16:34:11', 5, 10),
(110754, 'tree', 952, 1, 10, 21, 0, 0, 0, '2025-12-08 17:34:11', '2025-12-08 17:34:11', 0, 0, '2025-12-08 16:34:11', 10, 21),
(110760, 'tree', 952, 1, 13, 17, 0, 0, 0, '2025-12-08 17:34:11', '2025-12-08 17:34:11', 0, 0, '2025-12-08 16:34:11', 13, 17),
(110761, 'tree', 952, 1, 20, 21, 0, 0, 0, '2025-12-08 17:34:11', '2025-12-08 17:34:11', 0, 0, '2025-12-08 16:34:11', 20, 21),
(110762, 'tree', 952, 1, 8, 20, 0, 0, 0, '2025-12-08 17:34:11', '2025-12-08 17:34:11', 0, 0, '2025-12-08 16:34:11', 8, 20),
(110763, 'tree', 952, 1, 15, 19, 0, 0, 0, '2025-12-08 17:34:11', '2025-12-08 17:34:11', 0, 0, '2025-12-08 16:34:11', 15, 19),
(110766, 'tree', 952, 1, 18, 5, 0, 0, 0, '2025-12-08 17:34:11', '2025-12-08 17:34:11', 0, 0, '2025-12-08 16:34:11', 18, 5),
(110767, 'tree', 952, 1, 14, 21, 0, 0, 0, '2025-12-08 17:34:11', '2025-12-08 17:34:11', 0, 0, '2025-12-08 16:34:11', 14, 21),
(110773, 'tree', 952, 1, 18, 19, 0, 0, 0, '2025-12-08 17:34:11', '2025-12-08 17:34:11', 0, 0, '2025-12-08 16:34:11', 18, 19),
(110774, 'tree', 952, 1, 12, 20, 0, 0, 0, '2025-12-08 17:34:11', '2025-12-08 17:34:11', 0, 0, '2025-12-08 16:34:11', 12, 20),
(110775, 'tree', 952, 1, 21, 14, 0, 0, 0, '2025-12-08 17:34:11', '2025-12-08 17:34:11', 0, 0, '2025-12-08 16:34:11', 21, 14),
(110777, 'tree', 952, 1, 15, 7, 0, 0, 0, '2025-12-08 17:34:11', '2025-12-08 17:34:11', 0, 0, '2025-12-08 16:34:11', 15, 7),
(110779, 'tree', 952, 1, 2, 15, 0, 0, 0, '2025-12-08 17:34:11', '2025-12-08 17:34:11', 0, 0, '2025-12-08 16:34:11', 2, 15),
(110781, 'tree', 952, 1, 4, 13, 0, 0, 0, '2025-12-08 17:34:11', '2025-12-08 17:34:11', 0, 0, '2025-12-08 16:34:11', 4, 13),
(110782, 'elixirmine', 952, 1, 10, 6, 0, 0, 0, '2025-12-08 17:35:18', '2025-12-08 17:35:28', 0, 10, '2025-12-08 16:35:28', -1, -1),
(110783, 'goldmine', 952, 1, 6, 6, 0, 0, 0, '2025-12-08 17:35:34', '2025-12-08 17:35:44', 0, 10, '2025-12-08 16:35:43', -1, -1),
(110784, 'elixirstorage', 952, 1, 14, 3, 0, 0, 0, '2025-12-08 17:35:48', '2025-12-08 17:35:58', 0, 10, '2025-12-08 16:35:58', -1, -1),
(110785, 'tree', 952, 1, 19, 1, 0, 0, 0, '2025-12-08 17:35:58', '2025-12-08 17:36:08', 0, 10, '2025-12-08 16:36:08', -1, -1),
(110786, 'tree', 952, 1, 20, 8, 0, 0, 0, '2025-12-08 17:36:04', '2025-12-08 17:36:14', 0, 10, '2025-12-08 16:36:14', -1, -1),
(110787, 'spellfactory', 952, 1, 18, 15, 0, 0, 0, '2025-12-08 17:37:11', '2025-12-08 17:37:31', 0, 20, '2025-12-08 16:37:31', -1, -1),
(110788, 'laboratory', 952, 1, 7, 15, 0, 0, 0, '2025-12-08 17:37:27', '2025-12-08 17:37:47', 0, 20, '2025-12-08 16:37:47', -1, -1),
(110789, 'elixirstorage', 952, 1, 14, 14, 0, 0, 0, '2025-12-08 17:37:36', '2025-12-08 17:37:46', 0, 10, '2025-12-08 16:37:46', -1, -1),
(110790, 'armycamp', 952, 1, 1, 18, 0, 0, 0, '2025-12-08 17:37:50', '2025-12-08 17:38:00', 0, 10, '2025-12-08 16:38:00', -1, -1),
(110791, 'armycamp', 952, 1, 1, 5, 0, 0, 0, '2025-12-08 17:38:01', '2025-12-08 17:38:11', 0, 10, '2025-12-08 16:38:11', -1, -1),
(110792, 'tree', 952, 1, 1, 10, 0, 0, 0, '2025-12-08 17:38:33', '2025-12-08 17:38:43', 0, 10, '2025-12-08 16:38:43', -1, -1),
(110793, 'tree', 952, 1, 6, 10, 0, 0, 0, '2025-12-08 17:38:36', '2025-12-08 17:38:46', 0, 10, '2025-12-08 16:38:46', -1, -1);

-- --------------------------------------------------------

--
-- Estrutura para tabela `chat_messages`
--

CREATE TABLE `chat_messages` (
  `id` int(11) NOT NULL,
  `account_id` int(11) NOT NULL DEFAULT 0,
  `type` int(11) NOT NULL DEFAULT 0,
  `global_id` int(11) NOT NULL DEFAULT 0,
  `clan_id` int(11) NOT NULL DEFAULT 0,
  `message` varchar(1000) NOT NULL,
  `send_time` datetime NOT NULL DEFAULT current_timestamp()
) ENGINE=InnoDB DEFAULT CHARSET=utf8 COLLATE=utf8_bin;

--
-- Despejando dados para a tabela `chat_messages`
--

INSERT INTO `chat_messages` (`id`, `account_id`, `type`, `global_id`, `clan_id`, `message`, `send_time`) VALUES
(83, 943, 1, 0, 0, 'Qm9hIG5vaXRlLCBFY29DaXR5IQ==', '2025-12-06 00:35:38'),
(84, 943, 1, 0, 0, 'QmVtIFZpbmRvcyBhbyBKb2dvIQ==', '2025-12-06 00:35:48');

-- --------------------------------------------------------

--
-- Estrutura para tabela `chat_reports`
--

CREATE TABLE `chat_reports` (
  `id` int(11) NOT NULL,
  `message_id` int(11) NOT NULL,
  `reporter_id` int(11) NOT NULL,
  `target_id` int(11) NOT NULL,
  `message` varchar(500) NOT NULL,
  `report_time` datetime NOT NULL DEFAULT current_timestamp()
) ENGINE=InnoDB DEFAULT CHARSET=utf8 COLLATE=utf8_bin;

-- --------------------------------------------------------

--
-- Estrutura para tabela `iap`
--

CREATE TABLE `iap` (
  `id` int(11) NOT NULL,
  `account_id` int(11) NOT NULL,
  `market` varchar(100) NOT NULL,
  `product_id` varchar(100) NOT NULL,
  `token` varchar(100) NOT NULL,
  `save_time` datetime NOT NULL DEFAULT current_timestamp(),
  `price` varchar(100) NOT NULL DEFAULT '0',
  `currency` varchar(50) NOT NULL DEFAULT 'USD',
  `validated` int(1) NOT NULL DEFAULT 0
) ENGINE=InnoDB DEFAULT CHARSET=utf8 COLLATE=utf8_bin;

-- --------------------------------------------------------

--
-- Estrutura para tabela `research`
--

CREATE TABLE `research` (
  `id` int(11) NOT NULL,
  `type` int(11) NOT NULL,
  `account_id` int(11) NOT NULL,
  `global_id` varchar(100) NOT NULL,
  `level` int(11) NOT NULL DEFAULT 1,
  `researching` datetime NOT NULL DEFAULT current_timestamp()
) ENGINE=InnoDB DEFAULT CHARSET=utf8 COLLATE=utf8_bin;

-- --------------------------------------------------------

--
-- Estrutura para tabela `server_buildings`
--

CREATE TABLE `server_buildings` (
  `id` int(11) NOT NULL,
  `global_id` varchar(50) NOT NULL DEFAULT '',
  `level` int(11) NOT NULL DEFAULT 0,
  `req_gold` int(11) NOT NULL DEFAULT 0,
  `req_elixir` int(11) NOT NULL DEFAULT 0,
  `req_gems` int(11) NOT NULL DEFAULT 0,
  `req_dark_elixir` int(11) NOT NULL DEFAULT 0,
  `columns_count` int(11) NOT NULL DEFAULT 0,
  `rows_count` int(11) NOT NULL DEFAULT 0,
  `capacity` int(11) NOT NULL DEFAULT 0,
  `gold_capacity` int(11) NOT NULL DEFAULT 0,
  `elixir_capacity` int(11) NOT NULL DEFAULT 0,
  `dark_elixir_capacity` int(11) NOT NULL DEFAULT 0,
  `speed` float NOT NULL DEFAULT 0,
  `health` int(11) NOT NULL DEFAULT 100,
  `damage` float NOT NULL DEFAULT 0,
  `target_type` varchar(50) NOT NULL DEFAULT 'none',
  `radius` float NOT NULL DEFAULT 0,
  `blind_radius` float NOT NULL DEFAULT 0,
  `splash_radius` float NOT NULL DEFAULT 0,
  `projectile_speed` float NOT NULL DEFAULT 0,
  `build_time` int(11) NOT NULL DEFAULT 0,
  `gained_xp` int(11) NOT NULL DEFAULT 0
) ENGINE=InnoDB DEFAULT CHARSET=utf8 COLLATE=utf8_bin;

--
-- Despejando dados para a tabela `server_buildings`
--

INSERT INTO `server_buildings` (`id`, `global_id`, `level`, `req_gold`, `req_elixir`, `req_gems`, `req_dark_elixir`, `columns_count`, `rows_count`, `capacity`, `gold_capacity`, `elixir_capacity`, `dark_elixir_capacity`, `speed`, `health`, `damage`, `target_type`, `radius`, `blind_radius`, `splash_radius`, `projectile_speed`, `build_time`, `gained_xp`) VALUES
(1, 'townhall', 1, 0, 0, 0, 0, 4, 4, 0, 1000, 1000, 0, 0, 450, 0, 'none', 0, 0, 0, 0, 0, 0),
(16, 'goldmine', 1, 100, 0, 0, 0, 3, 3, 0, 1000, 0, 0, 200, 400, 0, 'none', 0, 0, 0, 0, 10, 3),
(31, 'elixirmine', 1, 100, 0, 0, 0, 3, 3, 0, 0, 1000, 0, 200, 400, 0, 'none', 0, 0, 0, 0, 10, 3),
(46, 'goldstorage', 1, 100, 0, 0, 0, 3, 3, 0, 1500, 0, 0, 0, 400, 0, 'none', 0, 0, 0, 0, 10, 3),
(62, 'elixirstorage', 1, 300, 0, 0, 0, 3, 3, 0, 0, 1500, 0, 0, 400, 0, 'none', 0, 0, 0, 0, 10, 3),
(112, 'armycamp', 1, 200, 0, 0, 0, 4, 4, 20, 0, 0, 0, 0, 250, 0, 'none', 0, 0, 0, 0, 10, 17),
(148, 'laboratory', 1, 300, 0, 0, 0, 3, 3, 0, 0, 0, 0, 0, 500, 0, 'none', 0, 0, 0, 0, 20, 7),
(161, 'spellfactory', 1, 300, 0, 0, 0, 3, 3, 2, 0, 0, 0, 0, 425, 0, 'none', 0, 0, 0, 0, 20, 169),
(303, 'obstacle', 1, 50, 0, 0, 0, 2, 2, 0, 0, 0, 0, 0, 100, 0, 'none', 0, 0, 0, 0, 10, 0),
(309, 'tree', 1, 50, 0, 0, 0, 2, 2, 0, 0, 0, 0, 0, 100, 0, 'none', 0, 0, 0, 0, 10, 0);

-- --------------------------------------------------------

--
-- Estrutura para tabela `verification_codes`
--

CREATE TABLE `verification_codes` (
  `id` int(11) NOT NULL,
  `target` varchar(1000) NOT NULL,
  `device_id` varchar(1000) NOT NULL,
  `code` varchar(50) NOT NULL,
  `expire_time` datetime NOT NULL
) ENGINE=InnoDB DEFAULT CHARSET=utf8 COLLATE=utf8_bin;

--
-- Índices para tabelas despejadas
--

--
-- Índices de tabela `accounts`
--
ALTER TABLE `accounts`
  ADD PRIMARY KEY (`id`);

--
-- Índices de tabela `buildings`
--
ALTER TABLE `buildings`
  ADD PRIMARY KEY (`id`);

--
-- Índices de tabela `chat_messages`
--
ALTER TABLE `chat_messages`
  ADD PRIMARY KEY (`id`);

--
-- Índices de tabela `chat_reports`
--
ALTER TABLE `chat_reports`
  ADD PRIMARY KEY (`id`);

--
-- Índices de tabela `iap`
--
ALTER TABLE `iap`
  ADD PRIMARY KEY (`id`);

--
-- Índices de tabela `research`
--
ALTER TABLE `research`
  ADD PRIMARY KEY (`id`);

--
-- Índices de tabela `server_buildings`
--
ALTER TABLE `server_buildings`
  ADD PRIMARY KEY (`id`);

--
-- Índices de tabela `verification_codes`
--
ALTER TABLE `verification_codes`
  ADD PRIMARY KEY (`id`);

--
-- AUTO_INCREMENT para tabelas despejadas
--

--
-- AUTO_INCREMENT de tabela `accounts`
--
ALTER TABLE `accounts`
  MODIFY `id` int(11) NOT NULL AUTO_INCREMENT, AUTO_INCREMENT=953;

--
-- AUTO_INCREMENT de tabela `buildings`
--
ALTER TABLE `buildings`
  MODIFY `id` int(11) NOT NULL AUTO_INCREMENT, AUTO_INCREMENT=110794;

--
-- AUTO_INCREMENT de tabela `chat_messages`
--
ALTER TABLE `chat_messages`
  MODIFY `id` int(11) NOT NULL AUTO_INCREMENT, AUTO_INCREMENT=85;

--
-- AUTO_INCREMENT de tabela `chat_reports`
--
ALTER TABLE `chat_reports`
  MODIFY `id` int(11) NOT NULL AUTO_INCREMENT, AUTO_INCREMENT=21;

--
-- AUTO_INCREMENT de tabela `iap`
--
ALTER TABLE `iap`
  MODIFY `id` int(11) NOT NULL AUTO_INCREMENT, AUTO_INCREMENT=16;

--
-- AUTO_INCREMENT de tabela `research`
--
ALTER TABLE `research`
  MODIFY `id` int(11) NOT NULL AUTO_INCREMENT, AUTO_INCREMENT=38;

--
-- AUTO_INCREMENT de tabela `server_buildings`
--
ALTER TABLE `server_buildings`
  MODIFY `id` int(11) NOT NULL AUTO_INCREMENT, AUTO_INCREMENT=310;

--
-- AUTO_INCREMENT de tabela `verification_codes`
--
ALTER TABLE `verification_codes`
  MODIFY `id` int(11) NOT NULL AUTO_INCREMENT, AUTO_INCREMENT=35;
COMMIT;

/*!40101 SET CHARACTER_SET_CLIENT=@OLD_CHARACTER_SET_CLIENT */;
/*!40101 SET CHARACTER_SET_RESULTS=@OLD_CHARACTER_SET_RESULTS */;
/*!40101 SET COLLATION_CONNECTION=@OLD_COLLATION_CONNECTION */;
